,number,value,datetime_start,datetime_complete,duration,params_activation1,params_activation2,params_first_layer,params_lr,params_second_layer,state,deceased_recall,hospitalized_recall,nonhospitalized_recall,recovered_recall,mean_recall
0,0,0.0,2020-12-15 00:15:23.396931,2020-12-15 00:19:56.451666,0 days 00:04:33.054735,relu,sigmoid,186,0.08397629924649405,52,COMPLETE,0.0,0.0,1.0,0.0,0.25
1,1,0.0,2020-12-15 00:19:56.452697,2020-12-15 00:24:26.309333,0 days 00:04:29.856636,relu,sigmoid,237,1.0267366558207516e-05,48,COMPLETE,0.0,0.5804436396559528,0.9992855635437115,0.0,0.39493230079991604
2,2,0.0,2020-12-15 00:24:26.310330,2020-12-15 00:28:51.860974,0 days 00:04:25.550644,relu,sigmoid,141,0.02416859009435577,48,COMPLETE,0.0,0.0,1.0,0.0,0.25
3,3,0.0,2020-12-15 00:28:51.861974,2020-12-15 00:33:22.594593,0 days 00:04:30.732619,relu,sigmoid,38,0.004195554958135327,155,COMPLETE,0.0,0.31108115023520383,0.9980022793654261,0.053230993935641846,0.34057860588406796
4,4,0.0,2020-12-15 00:33:22.595632,2020-12-15 00:37:44.725519,0 days 00:04:22.129887,relu,sigmoid,125,4.0135814076133464e-05,95,COMPLETE,0.0,0.5128338614757808,0.9997759860983315,0.1499225101022659,0.41563308941909455
5,5,0.0,2020-12-15 00:37:44.726494,2020-12-15 00:41:54.644480,0 days 00:04:09.917986,relu,sigmoid,57,0.0002291046051095511,71,COMPLETE,0.0,0.36430511543684924,0.9995103688428146,0.11659997789819143,0.37010386554446384
6,6,0.0,2020-12-15 00:41:54.645500,2020-12-15 00:46:02.815325,0 days 00:04:08.169825,relu,sigmoid,41,0.02502667428261653,116,COMPLETE,0.0,0.13618103804593856,0.9903785869048903,0.0,0.28163990623770724
7,7,0.0,2020-12-15 00:46:02.816310,2020-12-15 00:50:34.404570,0 days 00:04:31.588260,relu,sigmoid,134,0.06779158081530395,114,COMPLETE,0.0,0.06618084122266617,0.9938581051890492,0.0,0.2650097366029288
8,8,0.006799999999999999,2020-12-15 00:50:34.405555,2020-12-15 00:56:17.163752,0 days 00:05:42.758197,relu,sigmoid,225,0.00041867725410769864,90,COMPLETE,0.0016999999999999997,0.3446345975948196,0.9992207517665918,0.32559939568232926,0.4177886862609352
9,9,0.0,2020-12-15 00:56:17.165082,2020-12-15 01:00:52.912989,0 days 00:04:35.747907,relu,sigmoid,175,0.017692644497226587,98,COMPLETE,0.0,0.05006987226169622,0.9967533922555063,0.0,0.2617058161293006
10,10,0.0,2020-12-15 01:00:52.914062,2020-12-15 01:05:11.764960,0 days 00:04:18.850898,relu,sigmoid,250,0.0004910971963981917,4,COMPLETE,0.0,0.588921802113882,0.9661890383513626,0.0,0.3887777101163111
11,11,0.0,2020-12-15 01:05:11.766044,2020-12-15 01:09:35.247283,0 days 00:04:23.481239,relu,sigmoid,207,0.002476126681463952,17,COMPLETE,0.0,0.0,1.0,0.0,0.25
12,12,0.0012000000000000001,2020-12-15 01:09:35.248290,2020-12-15 01:16:27.180883,0 days 00:06:51.932593,relu,sigmoid,205,0.00014981001580066446,199,COMPLETE,0.00030000000000000003,0.3259855925364615,0.9995943743343716,0.19665340624604355,0.38063334327921916
13,13,0.0,2020-12-15 01:16:27.181884,2020-12-15 01:22:28.319861,0 days 00:06:01.137977,relu,sigmoid,215,0.00011432394001399427,186,COMPLETE,0.0,0.3590332040860511,0.9997959873656118,0.24117549973985022,0.40000117279787833
14,14,0.0,2020-12-15 01:22:28.320888,2020-12-15 01:27:18.242177,0 days 00:04:49.921289,relu,sigmoid,238,5.381764315356948e-05,149,COMPLETE,0.0,0.39282087113980346,0.9996943807859869,0.3512773759697555,0.43594815697388645
15,15,0.0,2020-12-15 01:27:18.243177,2020-12-15 01:33:33.673826,0 days 00:06:15.430649,relu,sigmoid,167,0.0015366743272210756,192,COMPLETE,0.0,0.5134548389001515,0.9982686910395151,0.14498523636068472,0.41417719157508787
16,16,0.0,2020-12-15 01:33:33.674820,2020-12-15 01:37:31.839376,0 days 00:03:58.164556,relu,sigmoid,92,1.2566577273844457e-05,145,COMPLETE,0.0,0.7073306827799318,0.9995031724144366,0.0002710524170538844,0.4267762269028556
17,17,0.0,2020-12-15 01:37:31.840295,2020-12-15 01:42:39.957451,0 days 00:05:08.117156,relu,sigmoid,211,0.000447599595185569,76,COMPLETE,0.0,0.35426122384710773,0.9996815798387202,0.09057517074452844,0.36112949360758906
18,18,0.0,2020-12-15 01:42:39.958442,2020-12-15 01:47:23.858868,0 days 00:04:43.900426,relu,sigmoid,192,3.4113750737037196e-05,174,COMPLETE,0.0,0.3956147774912906,0.9997415837045691,0.3080316262028636,0.42584699684968086
19,19,0.0,2020-12-15 01:47:23.859863,2020-12-15 01:52:36.801861,0 days 00:05:12.941998,relu,sigmoid,156,0.0006696639562730452,128,COMPLETE,0.0,0.3148729505776763,0.9992903559652481,0.2715040764995028,0.39641684576060676
20,20,0.0,2020-12-15 01:52:36.802858,2020-12-15 01:57:32.739659,0 days 00:04:55.936801,relu,sigmoid,227,0.00015868391604535083,76,COMPLETE,0.0,0.232813391855453,0.999759184805438,0.44583192119489184,0.4196011244639457
21,21,0.0,2020-12-15 01:57:32.740651,2020-12-15 02:01:37.737041,0 days 00:04:04.996390,relu,sigmoid,189,0.004337449243355636,41,COMPLETE,0.0,0.0,1.0,0.0,0.25
22,22,0.0,2020-12-15 02:01:37.738065,2020-12-15 02:06:14.952595,0 days 00:04:37.214530,relu,sigmoid,197,0.0002630461198726022,29,COMPLETE,0.0,0.2724860747534788,0.9998047878776418,0.04213129921271942,0.32860554046096
23,23,0.0,2020-12-15 02:06:14.953514,2020-12-15 02:11:23.140119,0 days 00:05:08.186605,relu,sigmoid,176,0.0011359187328102338,68,COMPLETE,0.0,0.29436888617710155,0.9985919112519858,0.06826429907189183,0.3403062741252448
24,24,0.0,2020-12-15 02:11:23.141134,2020-12-15 02:16:02.419947,0 days 00:04:39.278813,relu,sigmoid,248,0.00010869759221957089,59,COMPLETE,0.0,0.2895270336764618,0.999807987928838,0.2571295183923878,0.3866161349994219
25,25,0.0,2020-12-15 02:16:02.420792,2020-12-15 02:20:29.261572,0 days 00:04:26.840780,relu,sigmoid,202,0.0002937419568366951,28,COMPLETE,0.0,0.26660893184010076,0.9998871930363666,4.0759346640369756e-05,0.31663422105577693
26,26,0.0,2020-12-15 02:20:29.262602,2020-12-15 02:25:32.097062,0 days 00:05:02.834460,relu,sigmoid,155,0.0011134194471725813,86,COMPLETE,0.0,0.24609601039226878,0.9993815626473165,0.17485927025589473,0.35508421082387
27,27,0.0,2020-12-15 02:25:32.098097,2020-12-15 02:29:58.742278,0 days 00:04:26.644181,relu,sigmoid,226,2.0285451281482252e-05,118,COMPLETE,0.0,0.5386767571397642,0.9998087883256798,0.0743417294289751,0.40320681872360475
28,28,0.0,2020-12-15 02:29:58.743288,2020-12-15 02:34:33.389942,0 days 00:04:34.646654,relu,sigmoid,222,8.896442391180892e-05,60,COMPLETE,0.0,0.35162379199716576,0.999781586303137,0.29196734903010285,0.41084318183260143
29,29,0.0,2020-12-15 02:34:33.390985,2020-12-15 02:38:27.867359,0 days 00:03:54.476374,relu,sigmoid,105,0.006536298994335747,47,COMPLETE,0.0,0.10474639321353356,0.9971190177804419,0.0,0.27546635274849385
30,30,0.0,2020-12-15 02:38:27.868220,2020-12-15 02:44:04.718258,0 days 00:05:36.850038,relu,sigmoid,250,0.0006589045243752649,90,COMPLETE,0.0,0.27981380518432497,0.9993567595110413,0.09148531745657958,0.3426639705379864
31,31,0.0,2020-12-15 02:44:04.719214,2020-12-15 02:48:45.656906,0 days 00:04:40.937692,relu,sigmoid,232,7.465520643737161e-05,62,COMPLETE,0.0,0.3933424528116205,0.9998399899513661,0.14850600645388096,0.3854221123042169
32,32,0.0,2020-12-15 02:48:45.657919,2020-12-15 02:52:41.210102,0 days 00:03:55.552183,relu,sigmoid,106,0.012739502437791846,49,COMPLETE,0.0,0.05947211998346684,0.9997175832693938,0.0,0.26479742581321514
33,33,0.0,2020-12-15 02:52:41.210965,2020-12-15 02:57:43.475572,0 days 00:05:02.264607,relu,sigmoid,163,0.0001842682247098338,130,COMPLETE,0.0,0.24570433208022519,0.9998207889017074,0.3630335670054686,0.4021396719968503
34,34,0.0,2020-12-15 02:57:43.476632,2020-12-15 03:02:28.870437,0 days 00:04:45.393805,relu,sigmoid,189,0.002061951785990068,77,COMPLETE,0.0,0.2667772157379889,0.9992127547621517,0.0025739352760231642,0.31714097644404093
35,35,0.0,2020-12-15 03:02:28.871451,2020-12-15 03:07:01.166841,0 days 00:04:32.295390,relu,sigmoid,237,0.003160618378903159,33,COMPLETE,0.0,0.0,1.0,0.0,0.25
36,36,0.0,2020-12-15 03:07:01.167805,2020-12-15 03:11:07.019502,0 days 00:04:05.851697,relu,sigmoid,199,0.0063551470044594105,30,COMPLETE,0.0,0.0,1.0,0.0,0.25
37,37,0.0,2020-12-15 03:11:07.020478,2020-12-15 03:15:03.143003,0 days 00:03:56.122525,relu,sigmoid,185,0.08591687616334841,7,COMPLETE,0.0,0.0,0.9998511928572572,0.0,0.2499627982143143
38,38,0.0,2020-12-15 03:15:03.144036,2020-12-15 03:19:05.592593,0 days 00:04:02.448557,relu,sigmoid,146,0.0002625353050664561,19,COMPLETE,0.0,0.28667998504143133,0.9972694253584287,0.00010597538110377435,0.32101384644524095
39,39,0.0,2020-12-15 03:19:05.593568,2020-12-15 03:24:57.549671,0 days 00:05:51.956103,relu,sigmoid,215,0.00033442344726243307,105,COMPLETE,0.0,0.18111283878205758,0.9996631786866474,0.44062248479582794,0.40534962556613324
40,40,0.0,2020-12-15 03:24:57.550690,2020-12-15 03:29:12.066241,0 days 00:04:14.515551,relu,sigmoid,176,0.033111420677443104,101,COMPLETE,0.0,0.0,0.999995199769589,0.0,0.24999879994239724
41,41,0.0,2020-12-15 03:29:12.067252,2020-12-15 03:33:30.350836,0 days 00:04:18.283584,relu,sigmoid,174,0.00011321269479687703,65,COMPLETE,0.0,0.39989174720018894,0.9997111818228515,0.23531597296409226,0.4087297254967832
42,42,0.0,2020-12-15 03:33:30.352279,2020-12-15 03:38:10.224561,0 days 00:04:39.872282,relu,sigmoid,250,4.1048917685563374e-05,57,COMPLETE,0.0,0.5121518688369713,0.9998159884920763,0.07568680182294732,0.3969136647879987
43,43,0.0,2020-12-15 03:38:10.225595,2020-12-15 03:43:17.424991,0 days 00:05:07.199396,relu,sigmoid,205,0.00014922455426022896,52,COMPLETE,0.0,0.30022044206506976,0.9998343895801417,0.2144699891944683,0.37863120520991994
44,44,0.0,2020-12-15 03:43:17.426047,2020-12-15 03:48:25.563166,0 days 00:05:08.137119,relu,sigmoid,149,0.000963897486200731,81,COMPLETE,0.0,0.2650343456610309,0.9988511279954647,0.10827914585879572,0.3430411548788228
45,45,0.0,2020-12-15 03:48:25.564540,2020-12-15 03:53:00.875318,0 days 00:04:35.310778,relu,sigmoid,129,0.00040396992530512273,83,COMPLETE,0.0,0.30241895801759594,0.9993895616615813,0.3213664227177885,0.4057937355992415
46,46,0.0,2020-12-15 03:53:00.876311,2020-12-15 03:57:24.936482,0 days 00:04:24.060171,relu,sigmoid,219,1.7368661735832915e-05,112,COMPLETE,0.0,0.5537711338988721,0.9997631855735118,0.010587347505370496,0.39103041674443867
47,47,0.0,2020-12-15 03:57:24.937499,2020-12-15 04:01:53.278510,0 days 00:04:28.341011,relu,sigmoid,161,1.8629145630113045e-05,170,COMPLETE,0.0,0.6029100320821933,0.9997999876984366,0.07201434702088835,0.41868109170037954
48,48,0.0,2020-12-15 04:01:53.279556,2020-12-15 04:06:50.609277,0 days 00:04:57.329721,relu,sigmoid,223,2.573768534898748e-05,200,COMPLETE,0.0,0.495948392937981,0.9997919870711911,0.14034187862947325,0.40902056465966136
49,49,0.0,2020-12-15 04:06:50.610897,2020-12-15 04:10:55.938228,0 days 00:04:05.327331,relu,sigmoid,85,0.01107949459532883,126,COMPLETE,0.0,0.13648217765268567,0.9996775800307539,0.0,0.2840399394208599
50,50,0.0,2020-12-15 04:10:55.939109,2020-12-15 04:15:33.021178,0 days 00:04:37.082069,relu,sigmoid,118,0.0006468264182786928,91,COMPLETE,0.0,0.308563780581416,0.9990239383128895,0.17016570101665493,0.3694383549777401
51,51,0.0,2020-12-15 04:15:33.022300,2020-12-15 04:19:53.023665,0 days 00:04:20.001365,relu,sigmoid,239,6.180792443271867e-05,40,COMPLETE,0.0,0.40819178459661076,0.9997767859063075,0.1934478643604167,0.4003541087158337
52,52,0.0,2020-12-15 04:19:53.024705,2020-12-15 04:23:53.564105,0 days 00:04:00.539400,relu,sigmoid,101,0.011030063985143501,48,COMPLETE,0.0,0.0,0.9998599914490726,0.0,0.24996499786226814
53,53,0.0,2020-12-15 04:23:53.566347,2020-12-15 04:29:29.805495,0 days 00:05:36.239148,relu,sigmoid,234,0.0006455702108670899,94,COMPLETE,0.0,0.26247170665459485,0.999445565399428,0.16771871624309662,0.35740899707427987
54,54,0.0,2020-12-15 04:29:29.806452,2020-12-15 04:33:17.242649,0 days 00:03:47.436197,relu,sigmoid,60,0.04351814885473145,67,COMPLETE,0.0,0.0,1.0,0.0,0.25
55,55,0.0,2020-12-15 04:33:17.243508,2020-12-15 04:37:47.453263,0 days 00:04:30.209755,relu,sigmoid,231,6.494949978459774e-05,86,COMPLETE,0.0,0.3813126144035271,0.999764785432691,0.2377481580483319,0.40470638947113746
56,56,0.015200000000000002,2020-12-15 04:37:47.454161,2020-12-15 04:42:06.829002,0 days 00:04:19.374841,relu,sigmoid,79,0.0001766211032274186,159,COMPLETE,0.0038000000000000004,0.4411419686263704,0.9978974662570798,0.21050710692592173,0.41333663545234295
57,57,0.0028,2020-12-15 04:42:06.829857,2020-12-15 04:46:19.365128,0 days 00:04:12.535271,relu,sigmoid,63,0.00018379005871869215,156,COMPLETE,0.0007,0.47067234829846266,0.997061412352811,0.11980210250929788,0.3970589657901429
58,58,0.012533333333333332,2020-12-15 04:46:19.366483,2020-12-15 04:50:41.086310,0 days 00:04:21.719827,relu,sigmoid,70,7.838881473101969e-05,166,COMPLETE,0.003133333333333333,0.5132029051115004,0.9959397405658164,0.2339973787162009,0.43656833943171275
59,59,0.038667378252168115,2020-12-15 04:50:41.088141,2020-12-15 04:54:50.172904,0 days 00:04:09.084763,relu,sigmoid,23,0.00020611216629126198,163,COMPLETE,0.009666844563042029,0.4387052965142598,0.9951468903866321,0.1511430863843307,0.3986655294620661
60,60,0.01,2020-12-15 04:54:50.173852,2020-12-15 04:59:08.389216,0 days 00:04:18.215364,relu,sigmoid,20,0.00020818816588304416,162,COMPLETE,0.0025,0.45893479244985924,0.9953157048773364,0.3218727544855715,0.4446558129531918
61,61,0.018933333333333333,2020-12-15 04:59:08.390220,2020-12-15 05:03:21.459805,0 days 00:04:13.069585,relu,sigmoid,22,0.00019187463427022936,163,COMPLETE,0.004733333333333333,0.6217381463184207,0.9953645045315478,0.16346181720691252,0.4463244503475536
62,62,0.003733422281521014,2020-12-15 05:03:21.460815,2020-12-15 05:07:30.498525,0 days 00:04:09.037710,relu,sigmoid,21,0.00018591604676516276,160,COMPLETE,0.0009333555703802535,0.4110594996752416,0.9958813374296447,0.36536236167659364,0.44330913858796506
63,63,0.05053333333333333,2020-12-15 05:07:30.499418,2020-12-15 05:11:48.744270,0 days 00:04:18.244852,relu,sigmoid,21,0.0002147372432776267,167,COMPLETE,0.012633333333333333,0.3031235853327297,0.9951332934846209,0.34528711983713906,0.4140443329969557
64,64,0.07867324883255504,2020-12-15 05:11:48.745249,2020-12-15 05:16:10.427754,0 days 00:04:21.682505,relu,sigmoid,22,0.0004295326719455052,181,COMPLETE,0.01966831220813876,0.2955262070187179,0.9944796524452324,0.42218602095827584,0.4329650481575912
65,65,0.007333333333333333,2020-12-15 05:16:10.428860,2020-12-15 05:20:23.175112,0 days 00:04:12.746252,relu,sigmoid,20,0.0001328827069967336,177,COMPLETE,0.0018333333333333333,0.42147341901706453,0.9969126042883646,0.18129921454684422,0.40037964279640165
66,66,0.05987378252168113,2020-12-15 05:20:23.176150,2020-12-15 05:24:20.353893,0 days 00:03:57.177743,relu,sigmoid,31,0.0002305178310754895,185,COMPLETE,0.014968445630420282,0.5530192689983664,0.9957373289811408,0.13369308886048412,0.4243545331176029
67,67,0.04413742494996664,2020-12-15 05:24:20.355255,2020-12-15 05:28:26.162377,0 days 00:04:05.807122,relu,sigmoid,31,0.00036583980498675886,187,COMPLETE,0.01103435623749166,0.3551361032928534,0.9970494123784507,0.41853026636184654,0.44543753456766055
68,68,0.07600667111407605,2020-12-15 05:28:26.163234,2020-12-15 05:32:27.169824,0 days 00:04:01.006590,relu,sigmoid,33,0.0003884803282917918,188,COMPLETE,0.019001667778519013,0.4335052256578818,0.9944404468639279,0.20784780266673336,0.4136987857417655
69,69,0.018133333333333335,2020-12-15 05:32:27.170675,2020-12-15 05:36:43.484487,0 days 00:04:16.313812,relu,sigmoid,40,0.00037320778901002205,185,COMPLETE,0.004533333333333334,0.3360373570570985,0.9959933453021825,0.23831144865543372,0.393718871087012
70,70,0.041868089837669556,2020-12-15 05:36:43.485354,2020-12-15 05:40:42.910592,0 days 00:03:59.425238,relu,sigmoid,32,0.00047593693490308707,194,COMPLETE,0.010467022459417389,0.4183931348042593,0.9951804972352957,0.12366445867871353,0.38692627829442144
71,71,0.04600604847676229,2020-12-15 05:40:42.911471,2020-12-15 05:44:40.306619,0 days 00:03:57.395148,relu,sigmoid,32,0.0004824288207193733,190,COMPLETE,0.011501512119190573,0.44705749207786327,0.9951644918843456,0.316967223519607,0.44267267990025166
72,72,0.0032000889481876805,2020-12-15 05:44:40.307529,2020-12-15 05:48:35.711201,0 days 00:03:55.403672,relu,sigmoid,31,0.000509725724070357,192,COMPLETE,0.0008000222370469201,0.2992648650776467,0.996823797772708,0.1206048349965592,0.35437338002099017
73,73,0.12482632866355348,2020-12-15 05:48:35.712081,2020-12-15 05:52:49.920706,0 days 00:04:14.208625,relu,sigmoid,48,0.0008482102265845811,182,COMPLETE,0.03120658216588837,0.2703111775936387,0.9951828928699997,0.49525988970792173,0.4479901355843621
74,74,0.018533333333333332,2020-12-15 05:52:49.921627,2020-12-15 05:57:16.685326,0 days 00:04:26.763699,relu,sigmoid,51,0.0009174243863157213,181,COMPLETE,0.004633333333333333,0.38935382919676426,0.9981438841143225,0.1541769415406333,0.38657699704626336
75,75,0.009333333333333334,2020-12-15 05:57:16.686228,2020-12-15 06:01:45.451571,0 days 00:04:28.765343,relu,sigmoid,49,0.0013704251960193932,192,COMPLETE,0.0023333333333333335,0.3883982522093411,0.9975414439708775,0.12943583497265324,0.3794272161215513
76,76,0.0029338670224594173,2020-12-15 06:01:45.452718,2020-12-15 06:05:46.434352,0 days 00:04:00.981634,relu,sigmoid,32,0.0007949642491570521,197,COMPLETE,0.0007334667556148543,0.37055622256775644,0.9965821833590358,0.09145859069837811,0.3648326158451963
77,77,0.0616004447409384,2020-12-15 06:05:46.435226,2020-12-15 06:09:40.182029,0 days 00:03:53.746803,relu,sigmoid,31,0.0005012906302203077,187,COMPLETE,0.0154001111852346,0.49462967701301,0.9950620886330961,0.11180680009055362,0.40422466923047357
78,78,0.004933333333333333,2020-12-15 06:09:40.182921,2020-12-15 06:14:05.091317,0 days 00:04:24.908396,relu,sigmoid,47,0.0016887569496279106,185,COMPLETE,0.0012333333333333332,0.3383982522093412,0.9978102629417762,0.13902498055916346,0.36911670726090356
79,79,0.021466666666666665,2020-12-15 06:14:05.092203,2020-12-15 06:17:56.395739,0 days 00:03:51.303536,relu,sigmoid,28,0.0002912826969135679,176,COMPLETE,0.005366666666666666,0.5023973074576339,0.9963525676395804,0.2447205770047262,0.4372092796921518
80,80,0.09054480764954413,2020-12-15 06:17:56.396586,2020-12-15 06:21:56.203684,0 days 00:03:59.807098,relu,sigmoid,37,0.0005219142533723259,171,COMPLETE,0.022636201912386033,0.3707678075855688,0.9945340605611743,0.25885133874013605,0.41169735219981635
81,81,0.0008,2020-12-15 06:21:56.204559,2020-12-15 06:25:53.249165,0 days 00:03:57.044606,relu,sigmoid,37,0.0005017745997572902,144,COMPLETE,0.0002,0.2940716830358022,0.9985583091270513,0.1375207685814219,0.35758769018606884
82,82,0.019333333333333334,2020-12-15 06:25:53.250052,2020-12-15 06:29:47.795305,0 days 00:03:54.545253,relu,sigmoid,44,0.00031442415851644,172,COMPLETE,0.004833333333333334,0.4972769500265712,0.9966837892601843,0.05563437423648128,0.38860711171414253
83,83,0.0064,2020-12-15 06:29:47.796208,2020-12-15 06:33:46.385032,0 days 00:03:58.588824,relu,sigmoid,55,0.0002481289697816077,181,COMPLETE,0.0016,0.4472680929793139,0.9961005531491317,0.08113772672897934,0.3815265932143562
84,84,0.01813333333333333,2020-12-15 06:33:46.385932,2020-12-15 06:38:20.092068,0 days 00:04:33.706136,relu,sigmoid,37,0.0007401184077403022,187,COMPLETE,0.004533333333333333,0.3505402798826934,0.9975006416283403,0.152192087160469,0.376191585501209
85,85,0.0004,2020-12-15 06:38:20.093091,2020-12-15 06:42:40.369818,0 days 00:04:20.276727,relu,sigmoid,27,0.0005674423039569627,150,COMPLETE,0.0001,0.45768004408841306,0.9975366437276649,0.06305482720427621,0.3795928787550885
86,86,0.006666666666666668,2020-12-15 06:42:40.370827,2020-12-15 06:47:24.389474,0 days 00:04:44.018647,relu,sigmoid,43,0.00038190741326731616,180,COMPLETE,0.001666666666666667,0.49260436554018144,0.9958429377497984,0.08397222312347231,0.3935215482700297
87,87,0.02613333333333333,2020-12-15 06:47:24.390459,2020-12-15 06:52:13.319246,0 days 00:04:48.928787,relu,sigmoid,35,0.001353498841227254,168,COMPLETE,0.006533333333333333,0.4851024465132758,0.9965813864569851,0.09636488918054505,0.3961455138710348
88,88,0.0128,2020-12-15 06:52:13.320319,2020-12-15 06:56:54.121960,0 days 00:04:40.801641,relu,sigmoid,26,0.0011339266689742798,189,COMPLETE,0.0032,0.42888479933867385,0.9973870353687883,0.09026295345982767,0.37993369704182245
89,89,0.010533333333333334,2020-12-15 06:56:54.122960,2020-12-15 07:02:05.370074,0 days 00:05:11.247114,relu,sigmoid,66,0.0008659217095621914,175,COMPLETE,0.0026333333333333334,0.4314700730214341,0.9974046363160405,0.1194456795308529,0.3877384305504152
90,90,0.03760053368912609,2020-12-15 07:02:05.371098,2020-12-15 07:06:55.880132,0 days 00:04:50.509034,relu,sigmoid,51,0.0004089924279743006,199,COMPLETE,0.009400133422281522,0.2740006298344716,0.9951140881720848,0.2817433712723902,0.39006455567530707
91,91,0.07386693351122971,2020-12-15 07:06:55.881362,2020-12-15 07:11:26.758602,0 days 00:04:30.877240,relu,sigmoid,32,0.0005035967711963217,194,COMPLETE,0.018466733377807427,0.4342846458165214,0.9943700533288679,0.08463525030140376,0.38293917070615013
92,92,0.015466666666666665,2020-12-15 07:11:26.759617,2020-12-15 07:15:23.575612,0 days 00:03:56.815995,relu,sigmoid,40,0.0002474150942126598,183,COMPLETE,0.0038666666666666663,0.24724447418662776,0.9966181844342457,0.35983527748343863,0.40189115069274467
93,93,0.016802134756504335,2020-12-15 07:15:23.576653,2020-12-15 07:19:31.918537,0 days 00:04:08.341884,relu,sigmoid,56,0.0003335751474203546,197,COMPLETE,0.004200533689126084,0.3721012852559687,0.9963685699309881,0.4332017801425251,0.451468042254652
94,94,0.07040800533689126,2020-12-15 07:19:31.919575,2020-12-15 07:23:27.049519,0 days 00:03:55.129944,relu,sigmoid,27,0.0005631532619302195,189,COMPLETE,0.017602001334222815,0.2540024012439231,0.9948180740530128,0.2758664421465807,0.38557222969443483
95,95,0.029872092506115187,2020-12-15 07:23:27.050413,2020-12-15 07:27:25.623525,0 days 00:03:58.573112,relu,sigmoid,25,0.0005893109115687953,190,COMPLETE,0.007468023126528797,0.30504064400574726,0.9984855047875888,0.23539820842115117,0.386598095085254
96,96,0.027205425839448526,2020-12-15 07:27:25.624434,2020-12-15 07:31:50.379313,0 days 00:04:24.754879,relu,sigmoid,45,0.001821191115360246,179,COMPLETE,0.006801356459862132,0.43945125671659424,0.998105481374934,0.14052710171976956,0.39622129906779
97,97,0.03880329108294418,2020-12-15 07:31:50.380234,2020-12-15 07:35:51.213469,0 days 00:04:00.833235,relu,sigmoid,36,0.0004327627923115451,172,COMPLETE,0.009700822770736046,0.2521247072253824,0.9960525481439187,0.4825779700522155,0.43511401204806316
98,98,0.025201778963753613,2020-12-15 07:35:51.214384,2020-12-15 07:39:40.531149,0 days 00:03:49.316765,relu,sigmoid,20,0.0007384080162250152,194,COMPLETE,0.006300444740938403,0.3065817702285118,0.9948860761522388,0.09611271890803909,0.350970252507432
99,99,0.09413422281521014,2020-12-15 07:39:40.532166,2020-12-15 07:43:48.502671,0 days 00:04:07.970505,relu,sigmoid,31,0.0023494461406635605,168,COMPLETE,0.023533555703802535,0.36452555750191906,0.9954853240149589,0.14647342054011908,0.3825044644401999
100,100,0.0002666666666666667,2020-12-15 07:43:48.503740,2020-12-15 07:47:55.596922,0 days 00:04:07.093182,relu,sigmoid,27,0.0027007790648352938,168,COMPLETE,6.666666666666667e-05,0.4363522742929124,0.9964621788020942,0.09997518729762679,0.38321407676482505
101,101,0.007466666666666666,2020-12-15 07:47:55.597836,2020-12-15 07:52:12.872783,0 days 00:04:17.274947,relu,sigmoid,41,0.0011049628571977855,175,COMPLETE,0.0018666666666666664,0.46619855531718074,0.9969126117387994,0.11115745255989828,0.39403382157063627
102,102,0.0256,2020-12-15 07:52:12.873752,2020-12-15 07:56:17.074357,0 days 00:04:04.200605,relu,sigmoid,33,0.0005514468624816971,200,COMPLETE,0.0064,0.32075304584014014,0.9968878039812067,0.09203298462347739,0.354018458611206
103,103,0.030133333333333335,2020-12-15 07:56:17.075274,2020-12-15 08:00:28.272056,0 days 00:04:11.196782,relu,sigmoid,28,0.003746668135244962,185,COMPLETE,0.007533333333333334,0.37755821048280747,0.9969118055045033,0.09762165601123259,0.36990625133296917
104,104,0.015866666666666664,2020-12-15 08:00:28.272955,2020-12-15 08:04:25.057474,0 days 00:03:56.784519,relu,sigmoid,39,0.00027935860851676845,195,COMPLETE,0.003966666666666666,0.3284448993248962,0.9966813887737376,0.2033394984653746,0.38310811330766875
105,105,0.0002666666666666667,2020-12-15 08:04:25.058441,2020-12-15 08:08:10.326492,0 days 00:03:45.268051,relu,sigmoid,20,0.00014709190607912614,152,COMPLETE,6.666666666666667e-05,0.2963627059263488,0.996227759997508,0.43999858499583244,0.433163929396589
106,106,0.0,2020-12-15 08:08:10.327438,2020-12-15 08:12:34.363051,0 days 00:04:24.035613,relu,sigmoid,54,0.0009271572234847849,139,COMPLETE,0.0,0.28023697521994995,0.9994367661035339,0.04899483170869922,0.33216714325804575
107,107,0.0,2020-12-15 08:12:34.363998,2020-12-15 08:17:00.246800,0 days 00:04:25.882802,relu,sigmoid,44,0.0014219303559855178,189,COMPLETE,0.0,0.41228177219674456,0.9987887249873199,0.10909288090678684,0.3800408445227128
108,108,0.02213333333333333,2020-12-15 08:17:00.247819,2020-12-15 08:20:59.050126,0 days 00:03:58.802307,relu,sigmoid,24,0.002152060090957262,166,COMPLETE,0.005533333333333333,0.36981419883086974,0.9951180916028568,0.13293322364829058,0.3758497118538376
109,109,0.024000711585501447,2020-12-15 08:20:59.051027,2020-12-15 08:24:46.710757,0 days 00:03:47.659730,relu,sigmoid,30,0.00010234895866260925,178,COMPLETE,0.006000177896375362,0.39816265475229795,0.9960037444700571,0.2524718711541644,0.4131596120682237
110,110,0.07027155881698911,2020-12-15 08:24:46.711676,2020-12-15 08:28:57.733806,0 days 00:04:11.022130,relu,sigmoid,49,0.00045629519992125203,182,COMPLETE,0.01756788970424728,0.3875154998327003,0.9954765128521356,0.25387535526904603,0.4136088144145323
111,111,0.029599999999999998,2020-12-15 08:28:57.734828,2020-12-15 08:33:13.233359,0 days 00:04:15.498531,relu,sigmoid,48,0.0006779882954736326,183,COMPLETE,0.0073999999999999995,0.3130680811699176,0.9971278197390342,0.11037487343666127,0.35699269358640323
112,112,0.048799999999999996,2020-12-15 08:33:13.234392,2020-12-15 08:37:11.572094,0 days 00:03:58.337702,relu,sigmoid,35,0.00048618257755241555,173,COMPLETE,0.012199999999999999,0.36521345483890005,0.9978294629929232,0.22886137019351493,0.40102607200633456
113,113,0.007866666666666666,2020-12-15 08:37:11.573089,2020-12-15 08:41:17.238337,0 days 00:04:05.665248,relu,sigmoid,61,0.00022577040224867336,172,COMPLETE,0.0019666666666666665,0.45879012734465724,0.9961229532002687,0.33345563371761144,0.447583845232301
114,114,0.050939292861907945,2020-12-15 08:41:17.239394,2020-12-15 08:45:12.934875,0 days 00:03:55.695481,relu,sigmoid,36,0.00034315177108376464,178,COMPLETE,0.012734823215476986,0.31072490011218923,0.995821334383088,0.3043418314322107,0.4059057222857412
115,115,0.04320053368912609,2020-12-15 08:45:12.936148,2020-12-15 08:49:07.835056,0 days 00:03:54.898908,relu,sigmoid,39,0.00032581362800266066,180,COMPLETE,0.010800133422281522,0.40450331647213955,0.9951949002307874,0.22390076836179928,0.4085997796217519
116,116,0.0866747609517456,2020-12-15 08:49:07.835924,2020-12-15 08:52:55.089233,0 days 00:03:47.253309,relu,sigmoid,20,0.000411373431190281,169,COMPLETE,0.0216686902379364,0.3618704115574626,0.994109230709536,0.4174768954780321,0.44878130699574176
117,117,0.08040293529019346,2020-12-15 08:52:55.090131,2020-12-15 08:57:11.597824,0 days 00:04:16.507693,relu,sigmoid,70,0.0006434678452251695,155,COMPLETE,0.020100733822548365,0.36485523648316176,0.9957109280851215,0.30305608122939615,0.42093074490505694
118,118,0.014533333333333334,2020-12-15 08:57:11.598737,2020-12-15 09:01:32.958049,0 days 00:04:21.359312,relu,sigmoid,72,0.0007081218158610436,160,COMPLETE,0.0036333333333333335,0.4002647273013561,0.997369440579026,0.16423943272644895,0.3913767334850411
119,119,0.0112,2020-12-15 09:01:32.959490,2020-12-15 09:05:43.010919,0 days 00:04:10.051429,relu,sigmoid,50,0.0006152933257796802,155,COMPLETE,0.0028,0.3868315389611667,0.9975014414235149,0.09110583476947741,0.36955970378853975
120,120,0.0,2020-12-15 09:05:43.011812,2020-12-15 09:10:13.912078,0 days 00:04:30.900266,relu,sigmoid,58,0.0008159556653090266,184,COMPLETE,0.0,0.3720766823469207,0.9979174689837237,0.18129455529155988,0.3878221766555511
121,121,0.0164,2020-12-15 09:10:13.913453,2020-12-15 09:14:16.744290,0 days 00:04:02.830837,relu,sigmoid,45,0.00041241099680319114,177,COMPLETE,0.0041,0.3913171413387919,0.9955389171532255,0.20195130420356827,0.39822684067389647
122,122,0.008933511229708695,2020-12-15 09:14:16.745663,2020-12-15 09:18:15.774118,0 days 00:03:59.028455,relu,sigmoid,36,0.0005501446488313697,170,COMPLETE,0.0022333778074271737,0.3356250123014545,0.99711021698678,0.3123367965259226,0.4118263509053961
123,123,0.04293333333333332,2020-12-15 09:18:15.775047,2020-12-15 09:22:10.263065,0 days 00:03:54.488018,relu,sigmoid,26,0.0003271785563692172,187,COMPLETE,0.01073333333333333,0.5688596059598089,0.9943020490277951,0.09719345838963238,0.4177721116776424
124,124,0.016133333333333333,2020-12-15 09:22:10.264027,2020-12-15 09:26:07.382776,0 days 00:03:57.118749,relu,sigmoid,31,0.0004345417180411359,193,COMPLETE,0.004033333333333333,0.3446798669474679,0.9953829069893665,0.17676371925659443,0.3802149566316906
125,125,0.03560355792750723,2020-12-15 09:26:07.383736,2020-12-15 09:29:58.559504,0 days 00:03:51.175768,relu,sigmoid,20,0.0010756985364822678,164,COMPLETE,0.008900889481876808,0.3252160135414411,0.9947284697392049,0.18804882720450883,0.37922354999175795
126,126,0.07720320213475648,2020-12-15 09:29:58.560518,2020-12-15 09:33:55.126363,0 days 00:03:56.565845,relu,sigmoid,40,0.0002683927432152043,182,COMPLETE,0.01930080053368912,0.5478605310291889,0.9954757120200448,0.07832061158614882,0.41023941379226786
127,127,0.0,2020-12-15 09:33:55.127865,2020-12-15 09:37:15.269619,0 days 00:03:20.141754,relu,sigmoid,41,0.005567004004135891,182,PRUNED,0.0,1.8477916428838548,3.994023626088481,0.19215681962483774,1.5084930221492934
128,128,0.07614614187235934,2020-12-15 09:37:15.283653,2020-12-15 09:41:35.231184,0 days 00:04:19.947531,relu,sigmoid,65,0.00028752979561958206,200,COMPLETE,0.019036535468089835,0.45748912551420073,0.9960005447004928,0.320377366867545,0.4482258931375821
129,129,0.06173893706915721,2020-12-15 09:41:35.232251,2020-12-15 09:46:02.105917,0 days 00:04:26.873666,relu,sigmoid,77,0.000267338568833757,199,COMPLETE,0.015434734267289302,0.3127551321668273,0.9955509185229422,0.2426072885066326,0.39158701836592286
130,130,0.024533333333333334,2020-12-15 09:46:02.107336,2020-12-15 09:50:37.514081,0 days 00:04:35.406745,relu,sigmoid,77,0.0002658366305511126,197,COMPLETE,0.0061333333333333335,0.2667850886688842,0.9960077461214298,0.44222234283191125,0.42778712773888966
131,131,0.0013333333333333333,2020-12-15 09:50:37.515036,2020-12-15 09:54:37.382530,0 days 00:03:59.867494,relu,sigmoid,91,0.0005002783236639556,190,PRUNED,0.0003333333333333333,1.8853209203456218,3.9882472551206773,0.6511002552423308,1.6312504410104909
132,132,0.05147031354236157,2020-12-15 09:54:37.401607,2020-12-15 10:00:00.773199,0 days 00:05:23.371592,relu,sigmoid,71,0.0003882281697397948,200,COMPLETE,0.012867578385590392,0.3060395221130946,0.9971270170507356,0.3888314466971045,0.4262163910616313
133,133,0.032136446519902155,2020-12-15 10:00:00.774301,2020-12-15 10:05:03.607211,0 days 00:05:02.832910,relu,sigmoid,65,0.0005916175994227,194,COMPLETE,0.008034111629975539,0.3373875647056508,0.9954149101896267,0.2412332971155396,0.3955174709101981
134,134,0.010400000000000001,2020-12-15 10:05:03.608269,2020-12-15 10:10:00.375871,0 days 00:04:56.767602,relu,sigmoid,53,0.0002915246858366244,157,COMPLETE,0.0026000000000000003,0.2777884937114964,0.9978614638761234,0.20266269528531908,0.3702281632182347
135,135,0.011600000000000001,2020-12-15 10:10:00.376959,2020-12-15 10:15:52.491535,0 days 00:05:52.114576,relu,sigmoid,80,0.000767385570910191,188,COMPLETE,0.0029000000000000002,0.3363070049402641,0.994413247158444,0.1383767206753863,0.3679992431935236
136,136,0.013469601956860127,2020-12-15 10:15:52.492609,2020-12-15 10:21:17.403683,0 days 00:05:24.911074,relu,sigmoid,67,0.0004204120221547347,171,COMPLETE,0.0033674004892150318,0.3330604050622945,0.9964477738095792,0.10985512151517533,0.360682675219066
137,137,0.024799999999999996,2020-12-15 10:21:17.404897,2020-12-15 10:26:58.857266,0 days 00:05:41.452369,relu,sigmoid,57,0.0009659610584586946,200,COMPLETE,0.006199999999999999,0.4351162241423426,0.9980086737839811,0.12137518320088445,0.390175020281802
138,138,0.002,2020-12-15 10:26:58.858362,2020-12-15 10:31:41.454673,0 days 00:04:42.596311,relu,sigmoid,75,0.0012398327587440578,182,PRUNED,0.0005,1.3802084358454543,3.9951917007812576,0.7612324393081994,1.5342831439837277
139,139,0.030666666666666665,2020-12-15 10:31:41.472841,2020-12-15 10:35:48.702723,0 days 00:04:07.229882,relu,sigmoid,61,0.00015800852283603248,175,COMPLETE,0.007666666666666666,0.21741885960595986,0.9966541863415488,0.4381567703011234,0.41497412072882467
140,140,0.04413644651990216,2020-12-15 10:35:48.703767,2020-12-15 10:40:11.893435,0 days 00:04:23.189668,relu,sigmoid,49,0.0005934982034283268,191,COMPLETE,0.01103411162997554,0.33486035388824364,0.9951900962623574,0.2980046442704442,0.40977230151275523
141,141,0.03706693351122971,2020-12-15 10:40:11.894495,2020-12-15 10:44:43.352362,0 days 00:04:31.457867,relu,sigmoid,84,0.00022471150688980687,186,COMPLETE,0.009266733377807427,0.4839923632570316,0.9954021067460804,0.20342495657677406,0.4230215399894234
142,142,0.030134489659773177,2020-12-15 10:44:43.353441,2020-12-15 10:49:31.977484,0 days 00:04:48.624043,relu,sigmoid,45,0.00029522510547202015,195,COMPLETE,0.007533622414943294,0.2413604424587164,0.9960965511649217,0.24523070615029172,0.37255533054721823
143,143,0.06506746720035579,2020-12-15 10:49:31.978873,2020-12-15 10:53:57.016737,0 days 00:04:25.037864,relu,sigmoid,29,0.0002459559018728209,179,COMPLETE,0.016266866800088948,0.3487698545476018,0.9941500359964026,0.43776532233545745,0.4492380199198877
144,144,0.006800355792750723,2020-12-15 10:53:57.017796,2020-12-15 10:58:17.636687,0 days 00:04:20.618891,relu,sigmoid,25,0.00035023501495494414,179,COMPLETE,0.0017000889481876807,0.39919597693231246,0.9951460944062849,0.06932973233669858,0.3663429731558709
145,145,0.016533333333333334,2020-12-15 10:58:17.637726,2020-12-15 11:02:22.575837,0 days 00:04:04.938111,relu,sigmoid,41,0.00046263020430857137,175,COMPLETE,0.0041333333333333335,0.3611077213769756,0.9963485734258409,0.09745378410324097,0.36476085305984773
146,146,0.0216,2020-12-15 11:02:22.576870,2020-12-15 11:06:16.637817,0 days 00:03:54.060947,relu,sigmoid,34,0.00024198780222612072,167,COMPLETE,0.0054,0.3146997460979786,0.9950644872761369,0.17831741476487534,0.37337041203474775
147,147,0.007733333333333333,2020-12-15 11:06:16.638762,2020-12-15 11:10:09.387471,0 days 00:03:52.748709,relu,sigmoid,20,0.0001314422365024429,183,COMPLETE,0.0019333333333333333,0.40960792804141166,0.9950844906300509,0.34276379012724634,0.43734738553301056
148,148,0.018000000000000002,2020-12-15 11:10:09.388558,2020-12-15 11:15:31.264006,0 days 00:05:21.875448,relu,sigmoid,114,0.0005027449648427176,200,COMPLETE,0.0045000000000000005,0.40994351172082577,0.9961981584486252,0.1876098087673575,0.39956286973420213
149,149,0.09533502334889926,2020-12-15 11:15:31.265021,2020-12-15 11:19:38.345234,0 days 00:04:07.080213,relu,sigmoid,25,0.0006731664308089185,189,COMPLETE,0.023833755837224815,0.3191440155884032,0.9938396147725792,0.20560985757607186,0.38560681094356974
150,150,0.08547191460973982,2020-12-15 11:19:38.346148,2020-12-15 11:24:03.066334,0 days 00:04:24.720186,relu,sigmoid,24,0.0006806940944017219,191,COMPLETE,0.021367978652434956,0.402407148621253,0.9933827939588514,0.2827668992323825,0.4249812051162305
151,151,,2020-12-15 11:24:03.067441,,,relu,sigmoid,25,0.0006955215493455513,192,RUNNING,0.0,0.13613773692601414,0.2498039905915484,1.0189940490747533e-05,0.09648797936451331
